product_name,price_before,price_after,category,subcategory,description,image_url
Bath Pillow,8,6,All Products,Accessories,"Yummy Bath Pillow gives cozy vibes during bath or jacuzzi time. Its soft, supportive design cushions the head, neck, and shoulders, making every soak more relaxing and comfortable.
وسادة الحمام تعطي شعوراً مريحاً أثناء الاستحمام أو في حوض الاستحمام الساخن. تصميمها مريح يدعم الرأس والرقبة والكتفين.",https://i.ibb.co/Lzz1T2mB/001-Bath-Pillow.png
Bath Sponge For Exfoliation,3.5,2,All Products,Accessories,"Yummy Bath Sponge is designed for gentle exfoliation and easy scrubbing without harming the skin. Soft, elastic, and high-density, it cleanses effectively while leaving skin smooth and refreshed.
اسفنجة الاستحمام مصممة لتقشير لطيف وفرك سهل دون إيذاء البشرة. ناعمة مرنة وعالية الكثافة.",https://i.ibb.co/YT391fGw/002-Bath-Sponge-For-Exfoliation.png
Blue SoftGrip Scalp Massager,,6,All Products,Accessories,"Yummy SoftGrip Scalp Massager is gentle silicone spikes designed for a soothing hair-care routine.
فرشاة فروة الرأس من السيليكون لروتين العناية بالشعر المهدئ.",
BP SoftGrip Scalp Massager,,6,All Products,Accessories,"Yummy SoftGrip Scalp Massager is gentle silicone spikes designed for a soothing hair-care routine.
فرشاة فروة الرأس من السيليكون لروتين العناية بالشعر المهدئ.",
Dry Wooden Brush,,8,All Products,Accessories,"Yummy Dry Wood Brush is designed for effective dry brushing to exfoliate dead skin cells, boost circulation, and stimulate lymphatic drainage, leaving the skin smoother and more radiant.
فرشاة الخشب الجاف مصممة للفرك الجاف للتخلص من الخلايا الميتة وتحفيز الدورة الدموية.",https://i.ibb.co/9mYKmBCM/005-Dry-Wooden-Brush.png
Face Mask Brush Applicator,2,1,All Products,Accessories,"Yummy Face Mask Brush is a soft, flat brush designed for smooth and even application of face masks, creams, and serums. It ensures hygienic use, precise coverage, and keeps your hands clean during skincare routines.
فرشاة توزيع ماسك الوجه مرنة وناعمة لسهولة وسرعة التوزيع.",https://i.ibb.co/mrNRSNTs/006-Face-Mask-Brush-Applicator.png
Face Mask Spatula,,2.5,All Products,Accessories,"Yummy Face Mask silicon Spatula is a reusable tool designed for smooth and hygienic application of face masks, creams, and skincare products. Its flexible design ensures even coverage while keeping your hands clean.
ملعقة توزيع ماسك الوجه من السيليكون سهلة الاستعمال والترطيب.",https://i.ibb.co/prfhJty5/007-Face-Mask-Spatula.png
Facial Mask Bowl,,2.5,All Products,Accessories,"Yummy Facial Mask Bowl is easy to use, solid, and made of high-quality material. Perfect for mixing masks, creams, and skincare treatments, it ensures a clean and convenient beauty routine.
وعاء خلط مستحضرات العناية بالوجه والماسكات الصلبة والخلطات.",https://i.ibb.co/WvQMRpfB/008-Facial-Mask-Bowl.png
Gua Sha Scalp Massager,,6,All Products,Accessories,"Yummy Rose Quartz Scalp Massager is a natural stone tool designed to stimulate the scalp, boost circulation, and promote relaxation. Regular use helps reduce tension, support healthy hair growth, and leave the scalp refreshed.
أداة غوا شا لتدليك فروة الرأس من الحجر الطبيعي لتنشيط الدورة الدموية والراحة.",https://i.ibb.co/MxJ3mZMv/009-Gua-Sha-Scalp-Massager.png
Gua Sha Set,,6,All Products,Accessories,"Yummy Gua Sha & Acupressure Stick is a natural massage tool set designed for face and body care. The gua sha helps improve circulation, relieve tension, and sculpt the skin, while the stick provides targeted acupressure to relax muscles and stimulate energy points.
مجموعة غوا شا وأداة الضغط العلاجية الطبيعية لمساج وشد بشرة الوجه والجسم.",https://i.ibb.co/8LhSfpcT/010-Gua-Sha-Set.png
Hair Microfiber Towel,,7,All Products,Accessories,"Yummy Hair Microfiber Towel quickly absorbs excess water, reduces frizz, and protects hair from damage caused by regular towels. Lightweight and gentle, it speeds up drying time while keeping hair smooth and healthy.
منشفة لتجفيف الشعر مصنوعة من المايكروفايبر تمتص الرطوبة الزائدة دون التسبب بتطاير أو تلف.",https://i.ibb.co/bMpM07bs/011-Hair-Microfiber-Towel.png
Hair Oil Applicator,,3.5,All Products,Accessories,"Yummy Oil Applicator Bottle is designed with a precision comb tip that evenly distributes oil directly to the scalp. It makes application easy, mess-free, and ensures deep nourishment for healthier hair and scalp.
علبة توزيع زيت الشعر مزودة بمشط ليسهل تغلغل وتوزيع الزيوت على الفروة بالتساوي.",https://i.ibb.co/MkYqsK7c/012-Hair-Oil-Applicator.png
Make Up Remover Towel,4,2,All Products,Accessories,"Yummy Makeup Remover Towel is a soft, reusable cloth that gently removes makeup, dirt, and impurities with just water. Eco-friendly and skin-friendly, it leaves the face clean and refreshed without harsh chemicals.
منشفة إزالة المكياج ناعمة الملمس وتزيل جميع الشوائب والماسكارا بالماء فقط.",https://i.ibb.co/vGbxjLn/013-Make-Up-Remover-Towel.png
Oil absorbing roller,,4.5,All Products,Accessories,"Yummy Face Oil Absorbing Roller instantly removes excess shine and grease from oily skin. Easy to use and reusable, it controls oil without disturbing your makeup, leaving skin fresh and matte.
حجر الوجه لامتصاص الزيوت الزائدة ومنع لمعان البشرة الدهنية دون إفساد المكياج.",https://i.ibb.co/BDjWT3w/014-Oil-absorbing-roller.png
Pink SoftGrip Scalp Massager,,6,All Products,Accessories,"Yummy SoftGrip Scalp Massager is gentle silicone spikes designed for a soothing hair-care routine.
فرشاة فروة الرأس من السيليكون لروتين العناية بالشعر المهدئ.",
Silicone Face Mask Brush,,2,All Products,Accessories,"Yummy Silicone Face Mask Brush is a soft, hygienic applicator perfect for evenly spreading masks, creams, and serums. Easy to clean and reusable, it ensures smooth application while keeping your skincare routine mess-free.
فرشاة سيليكون مرنة لتوزيع الماسكات والكريمات وسهلة التنظيف والتعقيم.",https://i.ibb.co/zTbqts5K/016-Silicone-Face-Mask-Brush.png
Silicone Foot Mask,,6,All Products,Accessories,"Yummy Foot Silicon Mask is a sock-shaped skincare product made of soft silicone that helps moisturize dry feet, repair cracked heels, and improve absorption of foot creams or serums. It contains exfoliating acids to remove dead skin and leave feet smooth and healthy.
جوارب السيليكون لترطيب وحماية القدمين وعلاج التشققات بالتساوي مع مستحضرات الترطيب.",https://i.ibb.co/wFr3rRB1/017-Silicone-Foot-Mask.png
Silicone Scalp Massager,,5,All Products,Accessories,"Silicon Scalp Massager. Shampoo Brush.",https://i.ibb.co/0VsWd670/018-Silicone-Scalp-Massager.png
Silk Hair Bonnet,,4,All Products,Accessories,"Yummy Silk Hair Bonnet protects hair overnight by reducing friction, frizz, and breakage. Its soft satin fabric locks in moisture, maintains hairstyles, and keeps hair smooth and shiny while you sleep.
قبعة شعر من الحرير الطبيعي الناعم لحماية وتثبيت تسريحة الشعر ومنع النفشة والتلف.",https://i.ibb.co/Dfy9cKy4/019-Silk-Hair-Bonnet.png
SkinCare Hairband,,3.5,All Products,Accessories,"Yummy Skin Care Headband is a soft, adjustable band designed to keep hair away from the face during skincare routines, makeup application, or facial treatments. Comfortable and reusable, it ensures a clean, hassle-free beauty experience.
ربطة شعر ناعمة وعريضة لتثبيت الشعر بعيداً عن الوجه أثناء روتين العناية.",
Skincare Spatula,,1.5,All Products,Accessories,"Yummy Skincare plastic Spatula is a hygienic tool for scooping and applying creams, masks, and skincare products. Its smooth design ensures even application while keeping products clean and free from contamination.
ملعقة بلاستيكية معقمة ومسطحة لغرف وتوزيع الكريمات وسيروم الوجه.",https://i.ibb.co/Gv62KwDM/021-Skincare-Spatula.png
Wet Hair brush,,6,All Products,Accessories,"Yummy Wet Hair Brush is designed to glide through wet hair without pain or damage. It gently detangles while stimulating the scalp and promoting blood flow, which supports healthy hair growth and helps prevent hair loss.
فرشاة فك تشابك الشعر المبلل بسهولة وسلاسة ومقاومة لتساقط وتقصف وتكسر الشعر.",https://i.ibb.co/d46xrPfb/022-Wet-Hair-brush.png
Aloe Vera Soap,,8,All Products,Bath Bombs & Soaps,"Yummy Aloe Vera Soap reduces inflammation, kills bacteria, and gently cleanses, making it an excellent choice for acne-prone skin.
صابون الألوفيرا الطبيعي المهدئ للبشرة ومضاد الالتهابات والبكتيريا.",https://i.ibb.co/ymqsvGNH/023-Aloe-Vera-Soap.png
Cupcake Bathbomb,,7,All Products,Bath Bombs & Soaps,"Yummy Cake Bath Bomb releases refreshing foam with a sweet cupcake scent that softens the skin and relieves daily fatigue, leaving you relaxed and fragrant.
كرة فوارة مرطبة برائحة الكب كيك اللذيذة والمنعشة لجسم ناعم ومعطر.",https://i.ibb.co/67Ctv7X3/024-Cupcake-Bathbomb.png
Donkey Milk Soap,,13,All Products,Bath Bombs & Soaps,"Yummy Donkey Milk Soap is deeply moisturizing and packed with fatty acids, vitamins, and lactic acid to nourish, brighten, and soften the skin. It supports collagen production, repairs damaged skin, and helps control excess oil for a balanced, radiant complexion.
صابون حليب الأتان أو الحمار الغني بالفيتامينات وعناصر تبييض وحماية وترطيب البشرة.",https://i.ibb.co/07yGBcM/025-Donkey-Milk-Soap.png
Eyebrow Styling Soap,8,6,All Products,Bath Bombs & Soaps,"Yummy Eyebrow Fixing Soap shapes and volumizes brows while locking hair into place for a defined look. It also helps protect against eczema and prevents existing eyebrow hair from falling out.
صابون تثبيت الحواجب يمنحها كثافة ومظهراً ممتلئاً ومرتباً طوال اليوم.",https://i.ibb.co/DfByrY25/026-Eyebrow-Styling-Soap.png
Goat milk Soap,,8,All Products,Bath Bombs & Soaps,"Our Goat Soap is a traditional remedy specially crafted for sensitive skin. It delivers a nourishing and moisturizing effect, leaving the skin soft and healthy. Gentle enough for daily use on both face and body.
صابون حليب الماعز الطبيعي المغذي والمرطب والمهدئ للبشرة الحساسة.",https://i.ibb.co/Q7pgzgnT/027-Goat-milk-Soap.png
Loofa Body Massage Soap - CocoVanilla,12,10,All Products,Bath Bombs & Soaps,"Indulge your skin with the LoofaGlow Body Massage Bar. This body massage soap bar features a natural loofah core and rounded massage nubs that help stimulate circulation and ease tension as you cleanse. It smells like CocoVanilla perfume.
صابونة المساج للجسم الغنية بالليفة الطبيعية وزبدة الترطيب برائحة الكوكو فانيلا المذهلة.",
Loofa Body Massage Soap - Oud,,12,All Products,Bath Bombs & Soaps,"Indulge your skin with the LoofaGlow Body Massage Bar. This body massage soap bar features a natural loofah core and rounded massage nubs that help stimulate circulation and ease tension as you cleanse. It smells like Oud perfume.
صابونة المساج للجسم الغنية بالليفة الطبيعية وزبدة الترطيب بمزيج العود الشرقي الفاخر.",
Minox,,10,All Products,Bath Bombs & Soaps,"Yummy Minox Shampoo Bar stimulates hair growth, reduces thinning and shedding, and improves scalp circulation for stronger, healthier hair.
شامبو المينوكس لمقاومة تساقط الشعر وبلوغ أقصى درجات الكثافة والصحة.",https://i.ibb.co/0Pm18pb/030-Minox.png
Moroccan Soap,,17,All Products,Bath Bombs & Soaps,"Moroccan Black Soap - Original & Natural. Discover the secret of radiant skin with Moroccan Black Soap, a 100% natural exfoliant that gently removes impurities and dead skin cells.
الصابون المغربي الأسود البلدي الطبيعي لإزالة الخلايا الميتة والترطيب.",https://i.ibb.co/fdNRkFjp/031-Moroccan-Soap.png
Ocean BathBomb,,7,All Products,Bath Bombs & Soaps,"Yummy Ocean Bath Bomb releases rich, fragrant foam with a refreshing ocean scent that softens the skin and relieves daily fatigue, leaving you relaxed and revitalized.
كرة فوارة للاستحمام بتركيبة المحيط المنعشة لجسم معطر وناعم.",
Powdered Organic Bath Soap,9,6,All Products,Bath Bombs & Soaps,"Yummy Powdered Organic Bath Soap is a natural cleansing formula that softens and refreshes the skin. Fill your basin with warm water, add 1-2 tablespoons of the powder, and gently rinse your skin for a soothing bath experience.
بودرة الاستحمام العضوية المنظفة والمنعشة لبشرة ناعمة الملمس.",https://i.ibb.co/BKcvs5gB/033-Powdered-Organic-Bath-Soap.png
Rice Milk Soap,,6,All Products,Bath Bombs & Soaps,"Our Rice Milk Soap is handmade with natural rice essence to gently nourish and moisturize the skin. It helps soften texture, restore hydration, and leave your face and body smooth, refreshed, and healthy-looking.
صابون حليب الأرز الطبيعي لترطيب تلطيف وتفتيح لون البشرة الحساسة.",https://i.ibb.co/gbXD4kWK/034-Rice-Milk-Soap.png
Rosemary Scalp Massage Soap,20,15,All Products,Bath Bombs & Soaps,"Revitalize your hair care with the British Rosemary Scalp Massage Bar Soap from Yummy, a natural hair treatment that gently cleanses while boosting blood circulation to encourage healthy hair growth.
صابونة تدليك الفروة برائحة إكليل الجبل البريطاني الطبيعي لشعر كشيف وقوي.",https://i.ibb.co/sdn1T6fN/035-Rosemary-Scalp-Massage-Soap.png
Roses Soap,8,6,All Products,Bath Bombs & Soaps,"Yummy Roses Soap comes with dried rose petals, it helps strengthen skin cells and regenerate skin tissues, leaving the skin soft, refreshed, and delicately scented.
صابون الورد المعطر الطبيعي المزود ببتلات الورد لبشرة مشدودة وناعمة.",https://i.ibb.co/Ftq4jHc/036-Roses-Soap.png
Strawberry Skin Soap,,12,All Products,Bath Bombs & Soaps,"Revitalize your body with Strawberry Skin Sabounieh from Yummy, the Moroccan soap specially designed to treat rough, bumpy \"strawberry or Chicken skin\". It deeply moisturizes, nourishes, and smooths the skin.
صابونية جلد الفراولة أو الدجاج لتقشير وترطيب غني ينعم البشرة الخشنة.",https://i.ibb.co/HLLQ58v5/037-Strawberry-Skin-Soap.png
Turmeric Soap,,8,All Products,Bath Bombs & Soaps,"Our Turmeric Soap is handmade with natural care to soothe and cleanse your skin. Known for its anti-acne properties, it helps fade scars and dark spots, leaving your complexion brighter and more even.
صابونة الكركم الطبيعية لمقاومة التصبغات والآثار والبثور.",https://i.ibb.co/B5svtWPS/038-Turmeric-Soap.png
212 Sexy - Carolina Herrera,,9,All Products,Body Care,"For Woman. Makhmariya Perfumed Body Gel - French Elegance with a Gulf Touch. Alcohol free and safe.
مخمرية الجل لتعطير وتنعيم الجسم برائحة 212 مثيرة جداً.",
Acne Care Soap,,10,All Products,Body Care,"Yummy Products Acne Care Soap is a gentle cleansing bar formulated to help purify the skin and reduce breakouts.
صابونة العناية بالبشرة المعرضة لحب الشباب.",https://i.ibb.co/S2L6mDN/040-Acne-Care-Soap.png
African Black Soap,10,8,All Products,Body Care,"Our African Black Soap is specially formulated to moisturize and soothe dry skin. Enriched with Shea Butter and Coconut Oil.
الصابون الأفريقي الأسود الغني بزبدة الشيا وجوز الهند للترطيب العالي.",https://i.ibb.co/PzNWkY0j/041-African-Black-Soap.png
African Shea Butter,,13,All Products,Body Care,"Our African Shea Butter is 100% natural and unrefined, rich in vitamins A, E, and F. Deep moisturization.
زبدة الشيا الإفريقية الخام والغير مكررة لترطيب وحماية الجسم.",https://i.ibb.co/KxZb8mnb/042-African-Shea-Butter.png
Akpe - Yokebe Oil for a Curvy Body,,13,All Products,Body Care,"Enhance your shape naturally with the African Akpe oil. Used twice daily with circular massage.
زيت أكبي الإفريقي الطبيعي لشد الجسم وصنع جسم ممتلئ وجذاب.",
AlAker AlFasi Soap,12,9,All Products,Body Care,"Moroccan Al Aker Lfassi Soap naturally brightens and nourishes your skin.
صابون العكر الفاسي المغربي لبشرة ناعمة ووردية طبيعية.",
Ant Oil - Hair Removal,,10,All Products,Body Care,"Ant Oil from Yummy is a natural growth inhibitor to reduce body hair thickness over time. Apply after hair removal.
زيت النمل الطبيعي لمقاومة نمو وتخفيف سماكة شعر الجسم بعد الإزالة.",
Anti-Cellulite Body Oil,,12,All Products,Body Care,"Yummy Anti-Cellulite Body Oil helps reduce the appearance of cellulite, smooths and firms the skin.
زيت مقاومة السيلوليت وشد ترهلات الجسم للحصول على مظهر متناسق.",
Baby Powder - Sensitive Areas,10,8,All Products,Body Care,"Yummy Baby Powder Sensitive Areas is specially made for delicate skin, brightening sensitive areas.
بودرة الأطفال لتفتيح وتعطير العناية بالمناطق الحساسة بلون وردي مبهج.",
Baccarat Rouge - Musk Al Tahara,,8,All Products,Body Care,"Yummy Musk Al Tahara - Pure Intimate Musk. Luxurious traditional musk.
مسك الطهارة الطبيعي المركز برائحة باكارات روج الفاخرة والمذهلة.",
Baccarat Rouge Body Oil,,13,All Products,Body Care,"Indulge your skin with deep hydration and Baccarat Rouge fragrance that awakens your senses.
زيت معطر للجسم مرطب وعميق برائحة الباكارات روج الفاخرة.",https://i.ibb.co/5hKGdPGD/049-Baccarat-Rouge-Body-Oil.png
Baccarat Rouge Set,,30,All Products,Body Care,"Yummy Baccarat Rouge Set - Luxurious Body & Fragrance Trio: Body Oil, Body Musk, Gel Perfume.
طقم التعطير الفاخر برائحة باكارات روج (زيت ومسك وجل معطر مرطب).",https://i.ibb.co/gLmRMsz5/050-Baccarat-Rouge-Set.png
Baccarat Rouge Shimmer Body Oil,,13,All Products,Body Care,"Indulge your skin with deep hydration and shimmer golden trail, smelling like Baccarat Rouge.
زيت ترطيب الجسم اللامع مع عطر باكارا روج لمنح بريق وتوهج طبيعي.",https://i.ibb.co/5hVx7Bnx/051-Baccarat-Rouge-Shimmer-Body-Oil.png
BubbleGum Body Lotion,10,8,All Products,Body Care,"Yummy Perfumed Body Lotion blends deep hydration with bubblegum fragrance.
لوشن ترطيب وتعطير الجسم برائحة العلكة اللذيذة والمنعشة.",
BubbleGum Body Perfume,,12,All Products,Body Care,"Refreshing body splash that leaves your skin lightly scented with bubblegum aroma.
معطر وجسم سبلاش منعش برائحة علكة الفقاعات اللذيذة.",
Candy Body Butter,,8.5,All Products,Body Care,"Candy Body Butter is a rich, fast-absorbing moisturizer that deeply nourishes and hydrates.
زبدة ترطيب وتغذية الجسم برائحة الكاندي والحلويات اللذيذة.",https://i.ibb.co/ZzhwnLyY/054-Candy-Body-Butter.png
Caramel Body Lotion,,8,All Products,Body Care,"Yummy Perfumed Body Lotion blends deep hydration with caramel fragrance.
لوشن ترطيب وتعطير ومغذي للجسم برائحة الكراميل الغنية.",https://i.ibb.co/4R3zP20X/055-Caramel-Body-Lotion.png
Caramel Body Oil,,12,All Products,Body Care,"Indulge your skin with deep hydration and caramel scent.
زيت معطر مرطب ومغذي للجسم برائحة الكراميل الحلوة والدافئة.",https://i.ibb.co/Fbczqy0P/056-Caramel-Body-Oil.png
Cherry Intimate Edible Oil,,13,All Products,Body Care,"Yummy Intimate Edible Oil is a soluble, smooth, and non-greasy formula safe to eat, cherry flavor.
زيت المساج والترطيب للمناطق الحساسة القابل للتذوق بطعم الكرز اللذيذ.",https://i.ibb.co/9HLZbGwK/057-Cherry-Intimate-Edible-Oil.png
Coco Vanilla Body Butter,,8.5,All Products,Body Care,"Yummy Products Coco Vanilla Body Butter is a rich, fast-absorbing moisturizer that deeply nourishes.
زبدة مرطبة ومغذية للجسم بمزيج اللذيذ من الكوكو جوز الهند والفانيلا الدافئة.",https://i.ibb.co/93sX90NK/058-Coco-Vanilla-Body-Butter.png
Coconut Body Lotion,,8,All Products,Body Care,"Perfumed Body Lotion with deep hydration and sweet coconut.
لوشن مرطب ومعطر للجسم برطوبة جوز الهند الغنية والمنعشة.",https://i.ibb.co/jZJ2XTQn/059-Coconut-Body-Lotion.png
Coconut Body Oil,,12,All Products,Body Care,"Body oil with deep hydration and sweet coconut fragrance.
زيت ترطيب وتعطير الجسم ومقاومة الجفاف برائحة جوز الهند الطبيعي.",https://i.ibb.co/LhsXTh4L/060-Coconut-Body-Oil.png
Coconut Body Perfume,,12,All Products,Body Care,"Refeshing body splash, keeping your fragrance lasting with coconut scent.
معطر وبخاخ الجسم بالترطيب المنعش برائحة جوز الهند الأنيقة.",https://i.ibb.co/GQyZGy2g/061-Coconut-Body-Perfume.png
Coconut Oil,,8,All Products,Body Care,"Yummy Coconut Oil softens and deeply moisturizes skin and hair.
زيت جوز الهند الطبيعي المتكامل للعناية المكثفة والترطيب للشعر والبشرة.",
Collagen Body Oil,12,9,All Products,Body Care,"Yummy Collagen Body Oil promotes firm and tight skin, targeting stretch marks.
زيت الكولاجين لشد ترهلات الجسم والتخلص من الخطوط وعلامات التمدد.",https://i.ibb.co/k2LcLsh8/063-Collagen-Body-Oil.png
Crème Caramel Body Oil,,12,All Products,Body Care,"Indulge skin with deep hydration and crème caramel scent.
زيت مغذي ومعطر برطوبة دافئة ورائحة الكريم كراميل اللذيذة.",
Dam Al Ghazal Powder,,12,All Products,Body Care,"Yummy Dam Al Ghazal natural powder, blushes lips, cheeks, hair tint.
بودرة دم الغزال الطبيعية لإنعاش وتوريد الشفاه والخدود والقدمين.",https://i.ibb.co/cSpJF70B/065-Dam-Al-Ghazal-Powder.png
Damask rose Body Butter,,8.5,All Products,Body Care,"Luxurious deeply nourishing moisturizer, scented with Damask rose.
زبدة ترطيب وتغذية بشرة الجسم برائحة ورد الجوري الدمشقي الرائع والمنعش.",https://i.ibb.co/Qvx3N9xQ/066-Damask-rose-Body-Butter.png
Feminine Organic Roll - On,,9,All Products,Body Care,"Stay fresh with Yummy Organic Deodorant, lightweight underarm formula.
رول اون مزيل العرق العضوي الطبيعي المنفرد والآمن بالزيوت الطيارة.",
GoodBye Cellulite Set,,20,All Products,Body Care,"Cellulite Body Oil + Dry Brush. Transform your skin structure.
طقم التخلص من السيلوليت (الفرشاة الجافة وزيت السيلوليت الفعال).",
Green Clay Powder,,8,All Products,Body Care,"Yummy Green Clay is natural detoxifier, deeply cleanses pores.
بودرة الطين الأخضر المعقم والمنظف للمسامات للبشرة الدهنية والمعرضة للحبوب.",https://i.ibb.co/Y41nsQ70/069-Green-Clay-Powder.png
Green Tea & Lemon Body Butter,,8.5,All Products,Body Care,"Body Butter rich in antioxidants of green tea and brightness of lemon.
زبدة ترطيب ومثبت تفتيح الجسم بالشاي الأخضر والليمون والمنعش المشرق.",
Green Tea & Lemon Body Scrub,,8,All Products,Body Care,"Scrub with green tea and lemon, exfoliating gently to reveal soft skin.
مقشر وصنفرة طبيعية للجسم بفوائد الشاي الأخضر والليمون المفتت للجلد الميت.",
Hair Regrowth Set,47,42,All Products,Body Care,"Bundle: Repair Mask + Golden Serum + Hair Fuel Oil. Growth boosting.
طقم إنبات وتكثيف وعلاج متكامل لتطويل وتقوية بصيلات الشعر التالف.",https://i.ibb.co/7dZ852bV/072-Hair-Regrowth-Set.png
Himalayan Bath Salt,12,8,All Products,Body Care,"Yummy Himalayan Salt exfoliates, stimulates circulation, detoxifies.
ملح الهملايا الطبيعي لتقشير وتطهير السموم وخلايا الجلد الميت والاسترخاء.",https://i.ibb.co/8Lh8D4gH/073-Himalayan-Bath-Salt.png
Intimate Whitening Scrub,,12,All Products,Body Care,"Gentle exfoliating scrub designed to brighten and smooth sensitive areas.
مقشر وسنفرة تبييض وتفتيح وتنعيم المناطق الحساسة الحذرة بشكل آمن.",https://i.ibb.co/5N5wxjY/074-Intimate-Whitening-Scrub.png
Iranian Rushur Stones,13,10,All Products,Body Care," Iranian Rushur Stones from kaolin clay, removes dead skin cells.
حجر روشور الإيراني التقليدي لإزالة الخلايا الميتة والتفتيح الطبيعي الآمن للجلد.",https://i.ibb.co/hRpjW68P/075-Iranian-Rushur-Stones.png
Jasmine Body Lotion,,8,All Products,Body Care,"Body Lotion with deep hydration and sensual jasmine scent.
لوشن مرطب ومعطر للجسم برائحة الياسمين الطبيعية الفواحة والمنعشة.",https://i.ibb.co/tpgkrykC/076-Jasmine-Body-Lotion.png
Jasmine Body Oil,,12,All Products,Body Care,"Body Oil with deep hydration and jasmine fragrance.
زيت ترطيب وتعطير الجلد برطوبة تدوم ورائحة الياسمين المنعشة.",https://i.ibb.co/9fXZwjz/077-Jasmine-Body-Oil.png
Jasmine Body Perfume,,12,All Products,Body Care,"Refreshing body splash with jasmine scent.
معطر وجسم سبلاش مع كحول ترطيب دافئة برائحة الياسمين الجذاب والمنعش.",https://i.ibb.co/Sw3xQLXG/078-Jasmine-Body-Perfume.png
Jouri Flower - Musk Al Tahara,,8,All Products,Body Care,"Pure Intimate Musk scented with Jouri Flower.
مسك الطهارة الطبيعي الفاخر بنفحات ورد الجوري العبقة والجميلة.",
Kaab al Ghazal,,9,7,All Products,Body Care,"Kaab Al Ghazal Cream removes cracks, softens rough heel skin.
كريم كعب الغزال لتوريد وتنعيم كعب القدم وعلاج التشققات والجفاف بسرعة.",https://i.ibb.co/6R2w9Rr7/080-Kaab-al-Ghazal.png
Lavender Body Serum Candle,,9,All Products,Body Care,"Melts into a warm lavender serum to hydrate, soften skin, ideal for massage.
شمعة التدليك الفرنسية برائحة الخزامى تتحول لزيت ترطيب دافئ وفخم.",https://i.ibb.co/s9FgsN6c/081-Lavender-Body-Serum-Candle.png
Man Intimate Perfume,,12,All Products,Body Care,"Gel Intimate Perfume for men, alcohol free.
مسك التعطير والجل الخاص الحميم للرجال والمنعش للمظهر طوال اليوم.",https://i.ibb.co/609vwvHs/082-Man-Intimate-Perfume.png
Masculine Organic Roll - On,,9,All Products,Body Care,"Organic deodorant for men, gentle roll on.
رول اون مزيل العرق العضوي الطبيعي الآمن والخالي من الكيماويات للرجال.",
Musk Body Lotion,,8,All Products,Body Care,"Hydrating Body Lotion with white musk fragrance.
لوشن ترطيب وتغذية الجلد برائحة مسك النظافة الأبيض الرائع والآسر.",https://i.ibb.co/Z65rtxX2/084-Musk-Body-Lotion.png
Musk Body Oil,,12,All Products,Body Care,"Body Oil with deep hydration and white musk scent.
زيت تعطير وترطيب وتفتيح الجسم برائحة مسك النظافة والنعومة.",https://i.ibb.co/0jsHGqb5/085-Musk-Body-Oil.png
Nail Hardener,,8,All Products,Body Care,"Nail Hardener strengthens weak nails, prevents breakage.
مقوي ومعالج الأظافر بمثبتات الكولاجين لحمايتها من التكسر والتلف.",https://i.ibb.co/mVYp03R8/086-Nail-Hardener.png
Nila Zarkaa Powder,,12,All Products,Body Care,"Yummy Nila Zarkaa natural powder for deep skin whitening.
بودرة النيلة الزرقاء المغربية الصحراوية لتفتيح فوري وتبييض بشرة الجسم.",https://i.ibb.co/27zTVhk7/087-Nila-Zarkaa-Powder.png
Organic Body Oil,,12,All Products,Body Care,"100% natural, cold pressed oils, hydrating deeply.
مزيج الزيوت العضوية للتغذية واللمعان الطبيعي وصحة الجلد الفائقة والآمنة.",https://i.ibb.co/YFVX4Y4G/088-Organic-Body-Oil.png
Organic Massage Oil,12,9,All Products,Body Care,"Glides smoothly to relax muscles deeply, lightly scented.
زيت مساج وتدليك الجسم الطبيعي لتهدئة الأعصاب وتخفيف التوتر والراحة.",https://i.ibb.co/GYT33Qw/089-Organic-Massage-Oil.png
Organic Tanning Oil,22,18,All Products,Body Care,"Achieve golden tan securely and deepen hydrated skin.
زيت التان العضوي الطبيعي للبرونزاج الساحر واللمعان الجذاب تحت الشمس.",https://i.ibb.co/S7mwk0Ns/090-Organic-Tanning-Oil.png
Original Moroccan Luffa,,15,All Products,Body Care,"Fine fiber traditional Moroccan loofah. Perfect for deep exfoliation.
اللوفة المغربية الأصلية الفعالة لإزالة الجلد الميت وتحفيز الدورة الدموية.",https://i.ibb.co/pB9mJK1W/091-Original-Moroccan-Luffa.png
Oud - Musk Al Tahara,,8,All Products,Body Care,"Traditional Pure Musk scented with Oriental Oud.
مسك الطهارة التقليدي المركز ممزوجاً برائحة العود الشرقي الفاخر والعميق.",
Oud Body Butter,,8.5,All Products,Body Care,"Fast absorbing moisturizer rich in Oud aroma.
زبدة ترطيب وتعطير الجلد بمزيج العود الشرقي الفاخر للنعومة الفائقة.",https://i.ibb.co/zWX9HpM9/093-Oud-Body-Butter.png
Oud Body Oil,,12,All Products,Body Care,"Nourishing body oil with deep host of royal oud.
زيت ترطيب وتعطير الجسم الملكي برائحة العود الفخم المناسب طوال اليوم.",https://i.ibb.co/Z6sqNX7S/094-Oud-Body-Oil.png
Oud Body Scrub,10,5,All Products,Body Care,"Gentle exfoliation soap scrub with oriental oud.
مقشر وصنفرة الجسم بملح الاسترخاء المعطر بالعود لعلاج الجفاف والخشونة.",https://i.ibb.co/WvkPPmdT/095-Oud-Body-Scrub.png
Pheromone - Musk Al Tahara,,8,All Products,Body Care,"Pure Musk Al Tahara with attraction pheromones.
مسك الطهارة الطبيعي المركز المعزز بالفيرومونات لجذب وجاذبية استثنائية.",
Pheromone Body Oil,,13,All Products,Body Care,"Attraction body oil with pheromones fragrance.
زيت مرطب ومغذي ومعزز بالفيرومونات الجذابة لتعطير الجسم بنفحات ساحرة.",https://i.ibb.co/Gv9ckwDC/097-Pheromone-Body-Oil.png
Pheromone Intimate Perfume,,10,All Products,Body Care,"Intimate Pheromone Perfume to enhance natural confidence.
معطر وبخاخ الفيرومونات المثيرة للمناطق الحساسة لانتعاش وجاذبية دائمة.",https://i.ibb.co/3Lp9GQc/098-Pheromone-Intimate-Perfume.png
Pomegranate Intimate Wash,,12,All Products,Body Care,"Intimate Gel Wash with soothing pomegranate scent.
غسول الجل الملطف للمناطق الحساسة بمستخلص الرمان للتطهير والانتعاش.",https://i.ibb.co/YBYyhY4c/099-Pomegranate-Intimate-Wash.png
Roman Musk Body Oil,,12,All Products,Body Care,"Hydrating Body oil with scent of Roman Musk.
زيت ترطيب وتعطير الجسم برائحة المسك الروماني الفاخر والمنعش والأنيق.",https://i.ibb.co/xKcSv4RX/100-Roman-Musk-Body-Oil.png
Rose Musk Body Oil,,10,All Products,Body Care,"Hydrating Body oil with white musk and velvet roses.
زيت ترطيب وتعطير غني بمزيج مسك الروم وبتلات الورد الهادئة الرقيقة.",https://i.ibb.co/Vp0R0nkH/101-Rose-Musk-Body-Oil.png
Roses Intimate Gel,,8,All Products,Body Care,"Gentle care with roses smell to prevent dryness.
جل الورد الملطف والمنعش للمناطق الحساسة يمنع الجفاف والتهيج طبيعياً.",https://i.ibb.co/PsqpjYZ0/102-Roses-Intimate-Gel.png
Roses Musk Body Oil,,12,All Products,Body Care,"Nourishing oil with velvet roses and royal musk.
زيت ترطيب وتعطير مع بريق مخملي برائحة مسك الجوري لتعطير دائم للجسم.",https://i.ibb.co/bjJwfKNy/103-Roses-Musk-Body-Oil.png
Saad Oil - Hair Removal,,10,All Products,Body Care,"Saad Oil from Cyperus rotundus slows down hair regrowth naturally.
زيت السعد الطبيعي لمنع وتقليل نمو بصيلات شعر الجسم بعد الإزالة.",
Shimmer Baccarat Rouge Set,,30,All Products,Body Care,"Premium Shimmering Body oil + Body musk + Gel perfume.
مجموعة التعطير والتوهج اللامعة برائحة عطر باكارات روج الفخم.",https://i.ibb.co/ymrFvr5S/105-Shimmer-Baccarat-Rouge-Set.png
Silver Musk Body Oil,,12,All Products,Body Care,"Deep hydration and silver clean musk aroma.
زيت ترطيب وتعطير الجلد برائحة المسك الفضي الرائع للنظافة المطلقة.",https://i.ibb.co/5XLYZgKt/106-Silver-Musk-Body-Oil.png
Strawberry Body Butter,,8.5,All Products,Body Care,"Rich moisturizer with sweet strawberry scent.
زبدة ترطيب وتغذية فائقة لبشرة الجسم برائحة الفراولة المنعشة اللذيذة.",https://i.ibb.co/nMzXqkVq/107-Strawberry-Body-Butter.png
Strawberry Intimate Edible Oil,,13,All Products,Body Care,"Soluble edible oil, smooth and fruity strawberry flavor.
زيت ترطيب ومساج المناطق الحساسة القابل للتذوق بطعم الفراولة اللذيذة.",https://i.ibb.co/kV0t4XJm/108-Strawberry-Intimate-Edible-Oil.png
Stretch marks Oil,,12,All Products,Body Care,"Targeted treatment to fade stretch marks and scars.
زيت علاج وتخفيف الخطوط البيضاء والحمراء وعلامات تمدد الجلد بكفاءة.",https://i.ibb.co/QFkSzK2h/109-Stretch-marks-Oil.png
Sudanese Dalka,16,13,All Products,Body Care,"Sudanese ritual body scrub with sandalwood for soft skin.
الدلكة السودانية الأصلية بالصندل والمحلب لتقشير مذهل وتفتيح العروس.",https://i.ibb.co/sdc38jP8/110-Sudanese-Dalka.png
Tan Up Butter,,15,All Products,Body Care,"Get bronze golden tan with lightweight butter.
زبدة التان المرطبة لتسريع البرونزاج والحصول على لون ذهبي رائع ولامع.",https://i.ibb.co/YTpC2ppH/111-Tan-Up-Butter.png
Vanilla Body Lotion,,8,All Products,Body Care,"Perfumed body lotion with vanilla scent.
لوشن ترطيب فائق النعومة لتعطير وتغذية بشرة الجسم بالفانيلا الدافئة.",https://i.ibb.co/N2GcXvYH/112-Vanilla-Body-Lotion.png
Vanilla Body Oil,,12,All Products,Body Care,"Hydrating Body oil with French Vanilla fragrance.
زيت ترطيب وتعطير الجسم ومقاومة الجفاف برائحة الفانيلا الدافئة الأنيقة.",https://i.ibb.co/Rp3S0Cx7/113-Vanilla-Body-Oil.png
Vanilla Body Perfume,,12,All Products,Body Care,"Refreshing body splash with vanilla aroma.
بخاخ ومعطر سبلاش للجسم يدوم طويلاً برائحة الفانيلا الأنيقة والدافئة.",https://i.ibb.co/fzLx7Z58/114-Vanilla-Body-Perfume.png
Vanilla Diorama - Christian Dior,,9,All Products,Body Care,"Perfumed body makhmariya gel with Christian Dior scent.
مخمرية الجل لتعطير وتنعيم الجسم والشعر برائحة الفانيلا الفاخرة ديوراما.",
Vanilla Set Bundle,45,40,All Products,Body Care,"Full suite body care: Perfume, Lotion, Hair perfume, Body oil.
مجموعة التعطير المخملية برائحة الفانيلا الدافئة الفخمة للعناية المتكاملة.",https://i.ibb.co/9fWBK0G/116-Vanilla-Set-Bundle.png
Virgin Raw Coconut Oil,12,9,All Products,Body Care,"Pure virgin raw coconut oil for deep hydration.
زيت جوز الهند البكر المعصور على البارد المغذي العالي للشعر والبشرة.",https://i.ibb.co/WNB9jLT8/117-Virgin-Raw-Coconut-Oil.png
Vitamin C Body Oil,,12,All Products,Body Care,"Vitamin C helps diminish stretch marks under sun.
زيت كولاجين وتفتيح وترطيب الجسم المعزز بفيتامين سي لمقاومة العيوب.",https://i.ibb.co/932NfmN3/118-Vitamin-C-Body-Oil.png
Whitening Essence,,10,All Products,Body Care,"Power dark spot corrector to brighten skin texture.
سيروم خلاصة التفتيح وعلاج التصبغات والآثار للحصول على بشرة صافية.",https://i.ibb.co/sJvzwCYj/119-Whitening-Essence.png
Cookies Candles Set,10,8,All Products,Candles,"Cookie shaped decorative sweet candles.
مجموعة شموع شكل الكوكيز اللذيذة تعبق المكان برائحة المخبوزات الدافئة.",https://i.ibb.co/0ygYm8ZW/120-Cookies-Candles-Set.png
Ocean Candle Jar,7,5,All Products,Candles,"Scented jar candle with relaxing ocean vibes.
شمعة جرة معطرة برائحة نسيم المحيط المنعش والمهدئ للأعصاب في المنزل.",https://i.ibb.co/nM70XCX0/121-Ocean-Candle-Jar.png
3D Face Massager,7,5,All Products,Face Care,"Tighten facial skin and improve blood flow.
مدلك الوش اليدوي ثلاثي الأبعاد لشد ترهلات البشرة وتحفيز الكولاجين.",https://i.ibb.co/fVsgtRM3/122-3-D-Face-Massager.png
Aaker Fassi Powder,,13,All Products,Face Care,"Wild poppy powder to blush lips, cheeks naturally.
بودرة العكر الفاسي (دم الغزال) المغربي الأصلي لتوريد وتفتيح ناعم.",https://i.ibb.co/3LfWvZb/123-Aaker-Fassi-Powder.png
Anti-Blemish Natural Clay Mask,,8,All Products,Face Care,"100% organic green clay mask to reduce blemishes.
ماسك الصلصال الأخضر العضوي لتنظيف المسامات وتقليص حبوب وبقع الوجه.",
Charcoal Face Mask,,13,All Products,Face Care,"Formulated to detoxify pores and absorb excess sebum.
ماسك الفحم النشط والمنظف العميق للمسامات وسحب الأتربة والسموم الدهنية.",https://i.ibb.co/G3djWdTd/125-Charcoal-Face-Mask.png
Eyelash Booster,,8,All Products,Face Care,"Nourishes and strengthens eyelashes from root.
سيروم إنبات وتقوية وتكثيف الرموش والحواجب لحمايتها من التساقط.",https://i.ibb.co/HTtRWKww/126-Eyelash-Booster.png
Frankincense Oil (Lubban Al Zakar),,12,All Products,Face Care,"Natural collagen booster to tighten skin and circles.
زيت لبان الذكر الطبيعي كولاجين طبيعي لشد البشرة ومقاومة التجاعيد والآثار.",https://i.ibb.co/9mDpjRzR/127-Frankincense-Oil-Lubban-Al-Zakar.png
Pores Minimizer Serum,,10,All Products,Face Care,"visibly refines pores and controls oily roughness.
سيروم تقليص وتضييق مسام الوجه ومنع لمعان وتراكم الرؤوس السوداء.",https://i.ibb.co/Kj7NM25s/128-Pores-Minimizer-Serum.png
Salicylic Acid,,13,All Products,Face Care,"Salicylic acid cleanses pores and fights breakouts.
سيروم حمض الساليسيليك الفواح لتقشير المسام وعلاج البثور وحب الشباب.",https://i.ibb.co/rG9jHMXr/129-Salicylic-Acid.png
skin/beard/hair Derma Roller,,6,All Products,Face Care,"Derma roller stimulates hair and beard follicles.
ديرما رولر لتحفيز إنتاج الكولاجين وإنبات شعر الذقن والفروة والوش.",
Tea Tree Acne serum,,12,All Products,Face Care,"Acne combat serum with pure tea tree oil extract.
سيروم شجرة الشاي الطبيعي المهدئ والمنظف للمسامات وعلاج عيوب البشرة.",https://i.ibb.co/nq0Tm1wq/131-Tea-Tree-Acne-serum.png
Man Mint Body Scrub,14,11,All Products,Flash Sale,"2-in-1 facial mask and refreshing mint scrub.
مقشر وصنفرة النعناع المنعشة للرجال لتقشير عميق وتنظيف البشرة والجلد الميت.",https://i.ibb.co/cKp8PRQ7/132-Man-Mint-Body-Scrub.png
Rosemary Organic Shampoo,10,8,All Products,Flash Sale,"Rosemary sulfate free shampoo to control hair fall.
شامبو إكليل الجبل العضوي الخالي من السلفات لإنبات الشعر ومقاومة التساقط.",https://i.ibb.co/8nNbGDLg/133-Rosemary-Organic-Shampoo.png
Strawberry Lip Scrub,6,4,All Products,Flash Sale,"Sweet strawberry lip scrub to lighten dark lips.
مقشر وسنفرة الشفاه بالفراولة اللذيذة لإزالة الجلد الميت ومنحها حيوية ونعومة.",https://i.ibb.co/qFpzqDqd/134-Strawberry-Lip-Scrub.png
Hugo Boss,,9,All Products,Gentlemen,"For Man. Scent of Hugo Boss. French makhmariya body gel.
مخمرية الجل لتعطير وتنعيم الجسم برائحة عطر هوغو بوس الأنيق للرجال.",
Hugo Boss Man Body Lotion,,12,All Products,Gentlemen,"Royal body lotion wrapping in bold Hugo Boss scent.
لوشن ترطيب وتعطير الجلد للرجال برائحة عطر هوجو بوس الرجالي الفواح.",https://i.ibb.co/v4vczYDS/136-Hugo-Boss-Man-Body-Lotion.png
Invictus,,9,All Products,Gentlemen,"For Man. Scent of Paco Rabanne Invictus. Body perfume gel.
مخمرية الجل المعطرة لترتيب وتنعيم الجسم برائحة انفيكتوس المنعشة الرياضية.",
Le male - Jean Paul Gaultier,,9,All Products,Gentlemen,"For Man. Body perfume gel Le Male.
مخمرية الجل لتعطير الجسم برائحة عطر لي مال جون بول غوتييه الرجالي الفخم.",
Man - Musk Al Tahara,,5,All Products,Gentlemen,"Pure Intimate white musk for men care, 6ml.
مسك الطهارة الأبيض النقي الفاخر والمنعش الخاص بالرجال واليومي.",
Man Intimate Gel Wash,,13,All Products,Gentlemen,"Gentle daily cleanser designed for man intimate care.
غسول الجل المعقم والمقوي للمناطق الحساسة للرجال لمنع البرازيل والتهيج.",https://i.ibb.co/LzDb91RZ/140-Man-Intimate-Gel-Wash.png
Mont Blanc Legend,,9,All Products,Gentlemen,"For Man. Makhmariya body gel perfumed. Scent of Mont Blanc.
مخمرية الجل الموضعية الأنيقة للجسم الرجالي برائحة مونت بلانك ليجند الكلاسيكي.",
Naxos,,9,All Products,Gentlemen,"For Man. Scent of Xerjoff Naxos. Luxe body gel.
مخمرية الجل الفاخرة لتعطير وتنعيم الجسم برائحة ناكسوس الملكية الرائعة.",
Oud Masculine,,9,All Products,Gentlemen,"For Man. Scent of masculine Royal Oriental Oud.
مخمرية الجل المعطرة والفاخرة للجسم برائحة عطر العود الملكي المذهل للرجال.",
Sauvage,,9,All Products,Gentlemen,"For Man. Scent of Christian Dior Sauvage. Body gel perfume.
مخمرية الجل فائقة التعطير والجاذبية برائحة عطر سوفاج ديور الرجالي الشهير.",
Stronger with you,,9,All Products,Gentlemen,"For Man. Scent of Armani Stronger With You.
مخمرية الجل لتعطير وتنعيم بشرة الرجال برائحة سترونجر ويذ يو الدافئة.",
Tobacco Oud,,9,All Products,Gentlemen,"For Man. Scent of Tobacco Oud Tom Ford.
مخمرية الجل لتعطير الجسم برائحة توباكو عود توم فورد الغامضة والذكورية.",
Afghan Cannabis Oil,,12,All Products,Hair Care,"Afghan Cannabis Oil supports hair growth and volume.
زيت الحشيش الأفغاني الأصلي لإنبات وتكثيف وتطويل وتقوية بصيلات الشعر.",https://i.ibb.co/39MfN4BK/147-Afghan-Cannabis-Oil.png
Aker Fassi Oil,,10,All Products,Hair Care,"Aker Fassi oil to increase hair shine and strength.
زيت العكر الفاسي الطبيعي لتقوية بصيلات الشعر وزيادة حيويته ولمعانه.",https://i.ibb.co/v4LyQq0B/148-Aker-Fassi-Oil.png
Almond Oil,,8,All Products,Hair Care,"Almond Oil moisturizes skin and supports hair strand growth.
زيت اللوز الحلو الطبيعي المتكامل لعناية ترطيب وتفتيح البشرة وتقوية الشعر.",https://i.ibb.co/6cPpZsxb/149-Almond-Oil.png
Argan Oil,,10,All Products,Hair Care,"Virgin Argan Oil, deep conditioner repairs strands and shine.
زيت الأركان المغربي النقي الأصلي لعلاج تقصف وتلف وهياج ولمعان الشعر الفائق.",https://i.ibb.co/NgMq2HLC/150-Argan-Oil.png
Avocado Oil,,10,All Products,Hair Care,"Rich in antioxidants, reduces scalp flakiness, repairs split ends.
زيت الأفوكادو الطبيعي الغني بالمغذيات لترطيب وتنعيم فك تشابك خصلات الشعر.",https://i.ibb.co/gFrN58Cp/151-Avocado-Oil.png
Batana Oil,,13,All Products,Hair Care,"Batana oil thickens hair and prevents dryness and damage.
زيت باتانا العجيب والنادر الغني بفيتامين E لتكثيف وتطويل وعلاج بهتان الشعر.",https://i.ibb.co/nNfnG9GW/152-Batana-Oil.png
Batana Oil Hair Soap,,12,All Products,Hair Care,"Cleanses and strengthens hair with Batana oil.
صابونة زيت باتانا الطبيعي لتغذية وتنظيف الشعر وبناء جذور قوية.",https://i.ibb.co/RGWgGmrr/153-Batana-Oil-Hair-Soap.png
Black Seed Oil,,8,All Products,Hair Care,"Black seed oil repairs skin and boosts hair thickness.
زيت حبة البركة الطبيعي الممتاز لتقوية الجذور وزيادة كثافة ولمعان خصلات الشعر.",https://i.ibb.co/HDTZWh45/154-Black-Seed-Oil.png
Candy Apricot Hair Perfume,,10,All Products,Hair Care,"Refreshes hair and tames frizz with apricot candy odor.
معطر وعطر الشعر برائحة المشمش والسكاكر اللذيذة خالي من الكحول يمنع النفشة.",https://i.ibb.co/mFXx6jzH/155-Candy-Apricot-Hair-Perfume.png
Caramel Hair Perfume,,10,All Products,Hair Care,"Refreshes hair and tames frizz with sweet caramel scent.
عطر ومعطر الشعر برائحة الكراميل الحلوة والدافئة تمنح شعراً معطراً ومنعشاً.",https://i.ibb.co/CKB2JVzX/156-Caramel-Hair-Perfume.png
Chebe Hair Oil,,12,All Products,Hair Care,"Traditional Chadian Chebe Oil to reduce hair breakage.
زيت الشيبي التشادي التقليدي لترطيب عميق وحماية أطراف الشعر وتطويله.",https://i.ibb.co/rGLHn3rt/157-Chebe-Hair-Oil.png
Chebe Powder,,12,All Products,Hair Care,"African traditional Chadian herbs, retain hair length.
بودرة الشيبي التشادية الأصلية المغذية المذهلة لإطالة وتكثيف وتنعيم الشعر.",https://i.ibb.co/s9746t5c/158-Chebe-Powder.png
Cherry Blossom Hair Wax Stick,,5,All Products,Hair Care,"tames frizz and tames flyaways with cherry blossom scent.
شمع وإصبع واكس تثبيت وتصفيف خصلات البيبي هير والشعر المتطاير بنعومة.",https://i.ibb.co/SwcHbj5K/159-Cherry-Blossom-Hair-Wax-Stick.png
Coconut Hair Perfume,,10,All Products,Hair Care,"Refreshes hair with sweet coconut scent.
معطر وعطر الشعر اللطيف برائحة جوز الهند وزيوت اللمعان الطبيعية الساحرة.",https://i.ibb.co/qFR1bYLp/160-Coconut-Hair-Perfume.png
Dandruff Hair Oil,,10,All Products,Hair Care,"Dandruff Oil fights flakes, soothes itchiness.
زيت علاج القشرة الطبيعي الفعال للتخلص من تهيج الفروة وضمان لمعان نظيف.",https://i.ibb.co/d4NQrqgJ/161-Dandruff-Hair-Oil.png
Exotic Hair Perfume,,10,All Products,Hair Care,"Refreshes hair with premium exotic floral mist.
عطر ومعطر لمصايد الشعر برائحة فواكه استوائية وزهور غريبة مذهلة.",https://i.ibb.co/6cQy5Dnp/162-Exotic-Hair-Perfume.png
Follicle Fuel Solution,,20,All Products,Hair Care,"Stimulates follicles to fill in thinning hair gaps.
سبراي بخاخ فوليكل فيول لإنبات الفراغات وتكثيف الشعر في الفروة والذقن.",https://i.ibb.co/Lz2QmV7S/163-Follicle-Fuel-Solution.png
Golden Hair Serum,,12,All Products,Hair Care,"Lightweight serum with chia and rosemary. Redues frizz.
سيروم الذهب لتنعيم وترطيب خصلات الشعر وحمايته من التقصف والتكسر.",https://i.ibb.co/PzhLSWFj/164-Golden-Hair-Serum.png
Hair Fuel Growth Oil,,15,All Products,Hair Care,"Rosemary, Afghan, and linseed oils boost hair growth.
زيت هير فيول المغذي الفعال ممزوج بإكليل الجبل وزيوت نمو وتكثيف الشعر.",https://i.ibb.co/60WxWtsS/165-Hair-Fuel-Growth-Oil.png
Hair Magical Leave - In,,10,All Products,Hair Care,"Alcohol free, tames frizz, captivating musk trail.
كريم ليف إن المعالج الساحر للشعر لترطيب وتسهيل التصفيف برائحة المسك.",
Hair Protection Spray,,14,All Products,Hair Care,"Shields hair from UV damage and heat styling.
بخاخ حماية وتثبيت لون الشعر وحمايته من شمس لبنان وأضرار التسخين والاستشوار.",https://i.ibb.co/HDS3MKcc/167-Hair-Protection-Spray.png
Hair Repair Mask,20,16,All Products,Hair Care,"Honey, beeswax, and proteins repair dry damaged hair.
ماسك وحمام كريم العسل والبروتين المعالج الفعال للشعر شديد التلف والجاف.",https://i.ibb.co/x8mr7TvX/168-Hair-Repair-Mask.png
Hair Serum & Perfume - Raspberry,,12,All Products,Hair Care,"Treats damage hair, refreshes with raspberry smell.
سيروم العناية والتعطير المتكامل للشعر التالف برائحة التوت البري اللذيذة.",
Jasmine Hair Perfume,,10,All Products,Hair Care,"Refreshes hair with sweet jasmine smell.
بخاخ ومعطر الشعر اللطيف برائحة الياسمين الطبيعي الفواح لتعطير يدوم.",https://i.ibb.co/ycNx9mww/170-Jasmine-Hair-Perfume.png
Jojoba Oil,,10,All Products,Hair Care,"Balances scalp natural oils and decreases dryness.
زيت الجوجوبا الطبيعي الذهبي لترطيب وتهدئة الفروة وعلاج تشابك الأطراف للشعر.",https://i.ibb.co/Zpcxg0GW/171-Jojoba-Oil.png
Moroccan Oil,,12,All Products,Hair Care,"Moroccan Argan oil, smooths dry strands.
زيت الأركان المغربي المطور للعناية المركزة وفرد تموجات وهيشان الشعر الجاف.",https://i.ibb.co/C3BjVHPH/172-Moroccan-Oil.png
Musk Hair Perfume,,10,All Products,Hair Care,"Refreshes hair with pure clean white musk.
بخاخ وعطر الشعر الأنيق الخالي من الكحول برائحة مسك النظافة الفواح.",https://i.ibb.co/tppj4Jf7/173-Musk-Hair-Perfume.png
Oud Hair Perfume,,10,All Products,Hair Care,"Refreshes hair with noble royal oud scent.
بخاخ وعطر مع معالجات لمعان الشعر برائحة العود الفخم المناسب للمناسبات.",https://i.ibb.co/VYdMJJ2N/174-Oud-Hair-Perfume.png
Passion Hair Perfume,,10,All Products,Hair Care,"Refreshes hair with romantic passion scent.
بخاخ وعطر الشعر المفعم بالجاذبية بنفحات عطر الباشن الفاتن والمنعش.",https://i.ibb.co/ymBf2Fm9/175-Passion-Hair-Perfume.png
Pumpkin Seed Oil,,12,All Products,Hair Care,"Stimulates collagen, nourishes hair, skin, and nails.
زيت بذور اليقطين الطبيعي الغني بالمحفزات لإنبات وزيادة سمك وطول الشعر.",https://i.ibb.co/2YqgzfJh/176-Pumpkin-Seed-Oil.png
Rice Hair Essence,,8,All Products,Hair Care,"Rice Essence repairs hair color and growth.
سيروم خلاصة ماء الأرز لتغذية عميقة وتطويل وإعادة حيوية للشعر الجاف والتالف.",https://i.ibb.co/GQfQV1WD/177-Rice-Hair-Essence.png
Rosemary Oil,,8,All Products,Hair Care,"British Rosemary Oil promotes hair growth, controls fall.
زيت إكليل الجبل (الرزماري) البريطاني المحفز القوي لتنشيط الفروة وتطويل الشعر.",https://i.ibb.co/fs5RTzd/178-Rosemary-Oil.png
Scalp Scrub & Detox,,12,All Products,Hair Care,"Scalp scrub removes buildup, supports cell renewal.
صنفرة ومقشر الفروة المعقم بالملح لإزالة الدهون والقشرة المتراكمة وتطهيرها.",
Sidr Oil,,10,All Products,Hair Care," cedarwood properties fortify roots and reduce fall.
زيت السدر الطبيعي الشهير لإنبات وتكثيف وتنعيم بصيلات الشعر الضعيف والتساقط.",https://i.ibb.co/4w5dVH2b/180-Sidr-Oil.png
Sidr Powder,,10,All Products,Hair Care,"Natural Sidr powder cleanses hair, tames itchiness.
بودرة ورق السدر المطحون الطبيعي الغني بمغذيات تمديد وتكثيف اللمعان للشعر.",https://i.ibb.co/21HSm60c/181-Sidr-Powder.png
Snake Oil,,10,All Products,Hair Care,"Snake Oil strengthens strands and restores shine.
زيت الحية الفعال والقديم لتقوية ألياف الشعر ومقاومة الهياج والتقصف الشديد.",https://i.ibb.co/BHN5dJT8/182-Snake-Oil.png
Vanilla Hair Perfume,,10,All Products,Hair Care,"Refreshes hair with French Vanilla scent.
معطر وعطر الشعر برائحة مخمل بذور الفانيلا الحلو الدافئ لمنح شعرا عطر جداً.",https://i.ibb.co/dwvN5Cq3/183-Vanilla-Hair-Perfume.png
AloeVera Intimate Wash,,12,All Products,Intimate Care,"Intimate AloeVera Gel Wash provides gentle daily care.
غسول الجل الملطف للمناطق الحساسة بالألوفيرا الطبيعي للوقاية والترطيب.",
Eat - Me Intimate Edible Gel - Caramel,,8,All Products,Intimate Care,"Tasty, kissable gel for playful, intimate moments. Caramel scent.
جل التعطير والترطيب للمناطق الحساسة القابل للتذوق بطعم الكراميل الغني.",
Eat - Me Intimate Edible Gel - Chocolate,,8,All Products,Intimate Care,"Tasty, kissable gel for playful, intimate moments. Chocolate.
جل لترطيب وتعطير ومساج الحميمي القابل للتذوق بطعم الشوكولاتة الداكنة.",
Eat - Me Intimate Edible Gel - Mango,,8,All Products,Intimate Care,"Tasty kissable gel designed for playful passion with mango.
جل الترطيب المعطر المثير للمناطق الحساسة بطعم المانجو الاستوائي اللذيذ.",
Eat - Me Intimate Edible Gel - Strawberry,,8,All Products,Intimate Care,"Tasty, kissable gel for playful, intimate moments. Strawberry.
جل تلطيف وتعطير وترطيب الحميم القابل للتذوق بطعم الفراولة الشهية.",
Brow Styling Wax,,5,All Products,Lips, Eyebrows And Lashes,"Eyebrow styling wax locks brows with 3D styled look.
واكس تثبيت وتصفيف ورسم الحواجب ثلاثي الأبعاد الشفاف للمظهر المرتب.",https://i.ibb.co/nNbP91kM/189-Brow-Styling-Wax.png
BubbleGum Lip Scrub,,6,All Products,Lips, Eyebrows And Lashes,"Gently exfoliates, smooths, and hydrates the lips with bubblegum smell.
مقشر وصنفرة الشفاه برائحة علكة الفقاعات للتخلص من التشققات وتنعيم الفم.",
Castor Oil,,10,All Products,Lips, Eyebrows And Lashes,"Castor Oil boosts hair follicle growth in eyebrows.
زيت الخروع النقي لإنبات وتكثيف وتطويل الرموش والحواجب الباهتة بكفاءة.",https://i.ibb.co/q3nqfMCB/191-Castor-Oil.png
Eyebrow Growth Serum,8,6,All Products,Lips, Eyebrows And Lashes,"Strengthens and moisturizes eyebrow hairs.
سيروم معزز ومغذي بصيلات شعر الحواجب لإطالتها وحمايتها من السقوط.",https://i.ibb.co/vCFwgz2Z/192-Eyebrow-Growth-Serum.png
Lip Balm Filler,,7,All Products,Lips, Eyebrows And Lashes,"Plumps and hydrates lips, giving a full smoother finish.
مرطب كولاجين فيلر الشفايف لتفتيح وترطيب الفم ومنح مظهر ممتلئ وناعم.",https://i.ibb.co/chjntsdR/193-Lip-Balm-Filler.png
Lips & Cheeks Tint,,8,All Products,Lips, Eyebrows And Lashes,"Long lasting matte lip & cheeks tint, vegan.
تنت مورد الشفاه والخدود السائل العضوي الثابت للحمرة الطبيعية والنعومة.",
Mango Lip scrub,,6,All Products,Lips, Eyebrows And Lashes,"Exfoliates, smooths, and hydrates the lips with mango scent.
مقشر وسنفرة تفتيح الشفاه برائحة المانجو الاستوائية والمغذية لوز الجفاف.",https://i.ibb.co/0yBnXqSY/195-Mango-Lip-scrub.png
Pink Lip Balm,,6,All Products,Lips, Eyebrows And Lashes,"Moisturizes and nourishes with a rosy pink tint.
مرطب الشفايف الطبيعي المغذي لتوريد كرزي وحمايتها من الجفاف لتنعيم الفم.",https://i.ibb.co/bgkCY5Qm/196-Pink-Lip-Balm.png
Red Lip Balm,,6,All Products,Lips, Eyebrows And Lashes,"Moisturizes and nourishes with a bright red tint.
مرطب الشفايف المغذي بالكرز الأحمر الجذاب واللامع لشفاه حمراء جذابة ممتلئة.",https://i.ibb.co/fVX31wf9/197-Red-Lip-Balm.png
Rose Bonbon Lip Tint,,6,All Products,Lips, Eyebrows And Lashes,"Nourishing polish from natural flowers, oils, and butters.
مورد ومرطب الشفايف روز بونبون المصنوع من زبدة الزهور الفاخرة للنعومة.",https://i.ibb.co/Q3LQ85yK/198-Rose-Bonbon-Lip-Tint.png
212 VIP,,9,All Products,Makhmaria,"French elegance with Gulf touch body perfume gel. Scent of 212 VIP.
مخمرية الجل لتعطير وتنعيم الجسم برائحة 212 في آي بي الأنيقة الطيارة.",
Acqua Di Gio,,9,All Products,Makhmaria,"Body perfume gel with Giorgio Armani Acqua Di Gio scent.
مخمرية الجل المعطرة والمرطبة للجسم والشعر برائحة اكوا دي جيو المنعشة.",
Alien,,9,All Products,Makhmaria,"Perfumed body gel with Mugler Alien scent to soothe and soften.
مخمرية الجل لتعطير الجسم برائحة عطر الين الهادئ والمميز الفواح.",
Ana L Abyad,,9,All Products,Makhmaria,"Perfumed body gel with Ana L Abyad scent.
مخمرية الجل الشرقية الأنيقة لتعطير الجسم برائحة عطر أنا الأبيض اللطيفة.",
Armani Code Woman,,9,All Products,Makhmaria,"Perfumed body gel with Armani Code scent.
مخمرية الجل لتعطير وتنعيم الجسم برائحة عطر أرماني كود الأنيق للنساء.",
Asad Oud Masculin,,9,All Products,Makhmaria,"Perfumed body gel with Lattafa Asad Royal scent.
مخمرية الجل الملكية عالية التعطير برائحة عطر أسد الفخر والعود الذكوري.",
Azzarro Chrome,,9,All Products,Makhmaria,"Perfumed body gel with Azzaro Chrome scent.
مخمرية الجل الأنيقة والعصرية لتعطير الجسم برائحة كروم عزارو المنعش.",
Baccarat Rouge,,10,All Products,Makhmaria,"Perfumed body gel with Maison Francis Kurkdjian Baccarat Rouge 540 scent.
مخمرية الجل لتعطير وتنعيم بشرة الجسم برائحة باكارات روج الفخمة الممتازة.",
Black Opium,,9,All Products,Makhmaria,"Perfumed body gel with YSL Black Opium scent.
مخمرية الجل لتعطير وتنعيم الجسم برائحة عطر بلاك أوبيوم الفواح والمثير.",
Black XS - Paco Rabane,,9,All Products,Makhmaria,"Body gel with Black XS scent.
مخمرية الجل الأنيقة المعطرة للجسم برائحة بلاك اكس اس الحلوة والذكورية.",
Bleu de Chanel,,9,All Products,Makhmaria,"Body gel with Bleu de Chanel scent.
مخمرية الجل الفاخرة لتعطير وتليين مناطق الجسم برائحة بلو دي شانيل الشهير.",
Blue Electric,,9,All Products,Makhmaria,"Body gel perfume with Blue Electric scent.
مخمرية الجل المعطرة للجسم والشعر برائحة بلو الكتريك المنعشة والمثيرة.",
Bombshell - Victoria's Secret,,9,All Products,Makhmaria,"Body gel perfume with Victoria Secret Bombshell scent.
مخمرية الجل الأنثوية العطرة ترطيب وتنعيم برائحة قنبلة الانتعاش بومبشيل.",
Bright Crystal,,9,All Products,Makhmaria,"Body gel with Versace Bright Crystal scent.
مخمرية الجل الموضعية للجسم لتعطير دائم برائحة برايت كريستال الهادئ.",
Burberry Her,,9,All Products,Makhmaria,"Body gel with Burberry Her scent.
مخمرية الجل لتعطير الجسم بنفحات الفواكه الرقيقة برائحة بربري هير الأنيق.",
Candy,,9,All Products,Makhmaria,"Body gel with Sweet Candy scent.
مخمرية الجل المفعمة برائحة سكاكر الحلويات المحببة لتعطير وتنعيم الجسم.",
Chanel Rouge,,9,All Products,Makhmaria,"Body gel with Chanel Rouge scent.
مخمرية الجل للجسم الفواحة برائحة عطر شانيل روج الأحمر الفاخر والمثير.",
Cherie Miss Dior,,9,All Products,Makhmaria,"Body gel with Miss Dior Cherie scent.
مخمرية الجل لتعطير الجسم وتنعيم البشرة برائحة ميس ديور شيري الفواحة.",
Chloe,,9,All Products,Makhmaria,"Body gel with Chloe Scent.
مخمرية الجل لتعطير وتنعيم الجسم برائحة تماوجات الورد الرقيقة من عطر كلوي.",
Coco Chanel,,9,All Products,Makhmaria,"Body gel with classic Coco Chanel scent.
مخمرية الجل الكلاسيكية برائحة عطر كوكو شانيل الفاخر الأصيل لتعطير يدوم.",
Coco Mademoiselle,,9,All Products,Makhmaria,"Body gel with Coco Mademoiselle scent.
مخمرية الجل لتعطير وتنعيم بشرة الجسم برائحة كوكو مادوموزيل الفاتنة الأنيقة.",
Coconut Passion - Victoria's Secret,,9,All Products,Makhmaria,"Body gel with Coconut Passion scent.
مخمرية الجل برائحة عطر كوكو باشن لترطيب عبق بلمسات جوز الهند العذبة.",
Cool Water,,9,All Products,Makhmaria,"Body gel with Davidoff Cool Water scent.
مخمرية الجل المعطرة برائحة عطر كول ووتر المنعش والرياضي طوال اليوم.",
Creed Aventus,,9,All Products,Makhmaria,"Body gel with Creed Aventus scent.
مخمرية الجل الفاخرة عالية التعطير للرجال برائحة عطر كريد أفينتوس التاريخي.",
Crème Caramel,,10,All Products,Makhmaria,"Body gel with Crème Caramel scent.
مخمرية الجل لتعطير وتنعيم الجسم واليدين برائحة كريم كراميل اللذيذة والدافئة.",
D&G The One,,9,All Products,Makhmaria,"Body gel with Dolce & Gabbana The One scent.
مخمرية الجل الفاخرة لتعطير الجلد برائحة عطر ذا ون دي اند جي الأنيق للرجال.",
Dark Romantic,,9,All Products,Makhmaria,"Body gel with Dark Romantic night scent.
مخمرية الجل الليلية الهادئة والمثيرة لتعطير وتنعيم الجسم بنكهات رومانسية دافئة.",
Dior Addict,,9,All Products,Makhmaria,"Body gel with Dior Addict scent.
مخمرية الجل الأنيقة الفواحة للجسم برائحة عطر ديور أديكت الجذاب والآسر.",
Elie Saab,,9,All Products,Makhmaria,"Body gel with Elie Saab Le Parfum scent.
مخمرية الجل لتعطير الجسم برائحة عطر إيلي صعب عسل الجاذبية الأنيق الشرقي.",
Escada Sexy Graffiti,,9,All Products,Makhmaria,"Body gel with Escada Sexy Graffiti scent.
مخمرية الجل برائحة عطر إسكادا جرافيتي المليء بروح الفواكه الصيفية الشهية.",
Euphoria CK,,9,All Products,Makhmaria,"Body gel with Calvin Klein Euphoria scent.
مخمرية الجل لتعطير الجسم وتنعيم البشرة برائحة ايفوريا سي كي الغامضة الأنيقة.",
Forever Sexy - Victoria's Secret,,9,All Products,Makhmaria,"Body gel with Forever Sexy scent.
مخمرية الجل المفعمة بالجاذبية والإثارة برائحة فور إيفر سيكسي فيكتوريا والدافئة.",
Fruity Crush,,9,All Products,Makhmaria,"Body gel with Fruity Crush scent.
مخمرية الجل المنعشة للجسم برائحة عصائر الفواكه الاستوائية اللذيذة الأنيقة.",
Good Girl,,9,All Products,Makhmaria,"Body gel with Carolina Herrera Good Girl scent.
مخمرية الجل لتعطير الجسم برائحة عطر غود قيرل الفاتن حذاء الجاذبية الأنيق.",
Gucci Bloom,,9,All Products,Makhmaria,"Body gel with Gucci Bloom scent.
مخمرية الجل الفواحة بنفحات الياسمين ومسك الروم الزاكي برائحة قوتشي بلوم.",
Gucci Rush,,9,All Products,Makhmaria,"Body gel with Gucci Rush scent.
مخمرية الجل لتعطير الجسم برائحة عطر قوتشي راش الجذاب والمثير للنظر والآسر.",
Imagination,,9,All Products,Makhmaria,"Body gel with LV Imagination scent.
مخمرية الجل الراقية ترطيب وتنعيم لتعطير دائم برائحة عطر لويس فيتون إيماجناسيون.",
J'adore Dior,,9,All Products,Makhmaria,"Body gel with Jadore Dior scent.
مخمرية الجل الملوكية لتعطير وتفتيح الجسم برائحة عطر جادور ديور المنعش الفاخر.",
Kayali Eden Juicy,,9,All Products,Makhmaria,"Body gel with Kayali Eden Juicy Apple scent.
مخمرية الجل الموضعية برائحة عطر خيالي التفاح الوردي اللذيذ والعصير الفواح.",
L'interdit Noir,,9,All Products,Makhmaria,"Body gel with Givenchy L'Interdit Rouge/Noir scent.
مخمرية الجل لتعطير وتنعيم الجسم برائحة عطر لانتردي الأسود الغامض الفاتن.",
La Nuit Trésor,,9,All Products,Makhmaria,"Body gel with Lancome La Nuit Tresor scent.
مخمرية الجل لتعطير وتغذية بشرة الجسم برائحة كنز الليل لانكوم الآسرة والدافئة.",
La vie est belle,,9,All Products,Makhmaria,"Body gel with Lancome La Vie Est Belle scent.
مخمرية الجل الساحرة لتعطير الجسم برائحة عطر الحياة حلوة الشهيرة والأكثر مبيعاً.",
Libre,,9,All Products,Makhmaria,"Body gel with YSL Libre scent.
مخمرية الجل المنعشة والحرة عالية الجاذبية برائحة عطر ليبر ايف سان لوران.",
Mancera roses Vanille,,9,All Products,Makhmaria,"Body gel with Mancera Roses Vanille scent.
مخمرية الجل لتعطير الجسم برائحة عطر مانسيرا روز فانيلا الساحر لجاذبية تذوب.",
Mariam,,9,All Products,Makhmaria,"Body gel with Arabian Oud Mariam scent.
مخمرية الجل الأنيقة الموضعية للجسم لتعطير دائم برائحة عطر مريم العربي الزاكي.",
Mdawi Gold,,9,All Products,Makhmaria,"Body gel with Arabian Oud Madawi Gold scent.
مخمرية الجل الملكية المذهلة للجسم برائحة عطر مداوي الذهبي الفاخر والأنيق.",
Midnight,,9,All Products,Makhmaria,"Body gel with midnight fantasy scent.
مخمرية الجل لتعطير وتنعيم الجسم برائحة منتصف الليل المليء بالغموض والإثارة.",
Montale Roses Musk,,9,All Products,Makhmaria,"Body gel with Montale Roses Musk scent.
مخمرية الجل الأنيقة لتعطير الجلد برائحة عطر مونتال روز مسك المخملي الرائع.",
Musk Al Tahara,,9,All Products,Makhmaria,"Body gel with pure Musk Al Tahara.
مخمرية الجل المخملية المغذية للبشرة برائحة مسك الطهارة النقي المنعش لتعطير يدوم.",https://i.ibb.co/BH8wzqdC/268-Musk-Al-Tahara.png
My Way,,9,All Products,Makhmaria,"Body gel with Giorgio Armani My Way scent.
مخمرية الجل لتعطير وتلطيف الجسم برائحة عطر ماي واي الزهري والمشرق طوال اليوم.",
Narciso,,9,All Products,Makhmaria,"Body gel with Narciso Rodriguez scent.
مخمرية الجل الأنيقة لتعطير وتنعيم الجسم برائحة عطر نارسيسو البودري المخملي الساحر.",
Narcotic,,9,All Products,Makhmaria,"Body gel with Nasomatto Narcotic Venus scent.
مخمرية الجل فائقة الأنوثة والتعطير لجسم ناعم برائحة عطر ناركوتيك فينوس الفتان.",
Oud Al Sultan,,9,All Products,Makhmaria,"Body gel with Oud Al Sultan royal fragrance.
مخمرية الجل لتعطير الجسم برائحة عود السلطان الفواحة بالبرستيج والمكانة الفخمة.",
Oud bouquet - Lancôme,,9,All Products,Makhmaria,"Body gel with Lancome Oud Bouquet scent.
مخمرية الجل الشرقية الأنيقة ترطيب ولمعان لتعطير دائم برائحة عود بوكيه الملكي.",
Pheromone,,9,All Products,Makhmaria,"Body gel with attraction Pheromones.
مخمرية الجل المعززة بالفيرومونات لإثارة وجاذبية ساحرة وتعطير دائم للجسم واليدين.",
Prada Paradox,,9,All Products,Makhmaria,"Body gel with Prada Paradoxe scent.
مخمرية الجل لتعطير وتنعيم الجسم والشعر برائحة برادا بارادوكس العصري المذهل.",
Si Armani,,9,All Products,Makhmaria,"Body gel with Armani Si Passione scent.
مخمرية الجل لتعطير وتفتيح الجسم برائحة عطر سي أرماني الأحمر الشغوف الفواح.",
Tom Ford Lost Cherry,,9,All Products,Makhmaria,"Body gel with Tom Ford Lost Cherry/Vanilla scent.
مخمرية الجل الفاخرة لتعطير الجسم برائحة الكرز المفقود والفانيلا الساحر توم فورد.",
Vanilla Dehab,,9,All Products,Makhmaria,"Body gel with Vanilla Dehab scent.
مخمرية الجل الشرقية الموضع لتعطير دائم برائحة فانيلا ذهب الساحرة والأكثر مبيعاً.",
Versace Crystal Noir,,9,All Products,Makhmaria,"Body gel with Versace Crystal Noir scent.
مخمرية الجل لتعطير وتنعيم بشرة الجسم برائحة كريستال نوار نوار الدافئة الأنيقة.",
Versace Eros,,9,All Products,Makhmaria,"Body gel with Versace Eros scent.
مخمرية الجل الأنيقة لتعطير وتليين مناطق الجسم برائحة عطر إيروس الساحر والمنعش.",
Attraction - Musk Al Tahara,,5,All Products,Misk El Tahara,"Yummy Musk Al Tahara - Pure Intimate Musk. Scented with Attraction.
مسك الطهارة الطبيعي المركز بنفحات الجذب الأنيقة.",
Baby Powder - Musk Al Tahara,,8,All Products,Misk El Tahara,"Yummy Musk Al Tahara - Pure Intimate Musk. Scented with Baby Powder.
مسك الطهارة الطبيعي المخملي برائحة بودرة الأطفال المنعشة الفواحة.",
Candy - Musk Al Tahara,,8,All Products,Misk El Tahara,"Yummy Musk Al Tahara - Pure Intimate Musk. Scented with Candy.
مسك الطهارة الطبيعي المعطر والمنعش برائحة الحلوى اللذيذة والمنفردة.",
CheeseCake - Musk Al Tahara,,8,All Products,Misk El Tahara,"Yummy Musk Al Tahara - Pure Intimate Musk. Scented with Cheesecake.
مسك الطهارة الطبيعي الفريد المعطر برائحة التشيزكيك والحلويات الدافئة.",
Coconut - Musk Al Tahara,,8,All Products,Misk El Tahara,"Yummy Musk Al Tahara - Pure Intimate Musk. Scented with Coconut.
مسك الطهارة الطبيعي برائحة مغذية غنية بجوز الهند الاستوائي المنعش.",
Dubai Chocolate - Musk Al Tahara,,8,All Products,Misk El Tahara,"Yummy Musk Al Tahara - Pure Intimate Musk. Scented with Dubai Chocolate.
مسك الطهارة النادر والجديد برائحة شوكولاتة دبي الفستقية اللذيذة والمنعشة.",
Jasmine - Musk Al Tahara,,8,All Products,Misk El Tahara,"Yummy Musk Al Tahara - Pure Intimate Musk. Scented with Jasmine.
مسك الطهارة الأبيض الفاخر برائحة زهور الياسمين الطبيعية الفواحة العطرة.",
Musk - Musk Al Tahara,,8,All Products,Misk El Tahara,"Yummy Musk Al Tahara - Pure Intimate Musk. Classic white musk.
مسك الطهارة الأبيض المركز التقليدي للنظافة والانتعاش المتكامل.",
Musk Al Tahara,,5,All Products,Misk El Tahara,"Yummy Musk Al Tahara - Pure Intimate Musk, 6ml base.
مسك الطهارة الأبيض الطبيعي المنعش الزاكي للنظافة اليومية والعناية الفائقة.",https://i.ibb.co/BH8wzqdC/268-Musk-Al-Tahara.png
Pheromone - Musk Al Tahara,,5,All Products,Misk El Tahara,"Yummy Musk Al Tahara - Pure Intimate Musk. Scented with Pheromones.
مسك الطهارة المركز الأنيق المعزز بالفيرومونات الجذابة لإثارة وانتعاش دائم.",
Roses - Musk Al Tahara,,5,All Products,Misk El Tahara,"Yummy Musk Al Tahara - Pure Intimate Musk. Scented with velvet Roses.
مسك الطهارة الطبيعي المصمم بنفحات بتلات الورد الأحمر الهادئة لتعطير دائم.",
Strawberry - Musk Al Tahara,,5,All Products,Misk El Tahara,"Yummy Musk Al Tahara - Pure Intimate Musk. Scented with Strawberries.
مسك الطهارة الطبيعي اللذيذ بنكهة ورائحة الفراولة المنعشة الفواحة اليومية.",
Tutti Frutti - Musk Al Tahara,,5,All Products,Misk El Tahara,"Yummy Musk Al Tahara - Pure Intimate Musk. Scented with Tutti Frutti.
مسك الطهارة الطبيعي المعطر ببخاخ فواكه توتي فروتي المميزة المنعشة.",
Vanilla - Musk Al Tahara,,8,All Products,Misk El Tahara,"Yummy Musk Al Tahara - Pure Intimate Musk. Scented with Vanilla.
مسك الطهارة الأبيض المركز برائحة بذور الفانيليا الفرنسية الدافئة العذبة.",
Beard Serum,,10,All Products,Oils, Serums & Essences,"Take your grooming to next level with Yummy Beard Serum for Men.
سيروم إنبات وتنعيم وتكثيف شعر اللحية وتغذية بشرة الذقن والوقاية من الجفاف.",https://i.ibb.co/d4JrdzLZ/274-Beard-Serum.png
Acne Cream,,25,All Products,Younger,"Targeted treatment designed to reduce and prevent acne breakouts.
كريم معالجة ومقاومة حب الشباب والبثور وتطهير مسامات الوجه بكفاءة.",https://i.ibb.co/Q7FXcGB3/275-Acne-Cream.png
After Sun Lotion,,13,All Products,Younger,"Soothing skincare product designed to calm and hydrate skin after sun exposure.
لوشن ما بعد الشمس لتهدئة تهيج واحمرار وحروق الجلد وترطيبها بعمق.",https://i.ibb.co/95sn77z/276-After-Sun-Lotion.png
Anti-Age Cream,,30,All Products,Younger,"Designed to fight visible signs of aging such as wrinkles.
كريم معجزة مقاوم التجاعيد لشد البشرة ومحاربة الشيخوخة والتقدم في السن.",
Body Sun Screen,,15,All Products,Younger,"Protects your skin from sunburn, premature aging, dark spots.
واقي شمس متكامل للجسم لحمايته من الأشعة الضارة والتصبغات والجفاف.",https://i.ibb.co/dJc25cwh/278-Body-Sun-Screen.png
Botox Cream,,50,All Products,Younger,"Advanced anti aging skincare solution to reduce wrinkles.
كريم البوتوكس العجيب لشد ترهلات الوجه وملء الخطوط والتجاعيف بدون إبر.",https://i.ibb.co/9m6w1Gx4/279-Botox-Cream.png
Botox Serum,,35,All Products,Younger,"Formulated to reduce target lines, firming and plumping skin.
سيروم البوتوكس لشد ترهلات وملء خطوط البشرة والتخلص من علامات التقدم بالسن.",https://i.ibb.co/VcKY7dtM/280-Botox-Serum.png
Collagen Cream,,30,All Products,Younger,"Designed to improve skin elasticity, firmness, and hydration.
كريم الكولاجين المغذي لبناء خلايا الجلد وشد المسام والترطيب الفائق.",https://i.ibb.co/0yw40t83/281-Collagen-Cream.png
Collagen Serum,,30,All Products,Younger,"Lightweight formula to boost skin stiffness and elasticity.
سيروم الكولاجين الطبيعي لشد التجاعيد وتفتيح ونضارة وترطيب خلايا البشرة.",https://i.ibb.co/Xkp4JHCJ/282-Collagen-Serum.png
Day Cream,,25,All Products,Younger,"Lightweight daily moisturizer that hydrates and nourishes skin.
كريم النهار المرطب والمفتّح المهدئ للبشرة وحمايتها طوال اليوم من الجفاف.",https://i.ibb.co/tMbX3xPS/283-Day-Cream.png
Day Cream + SPF 50,,35,All Products,Younger,"Moisturizing daily cream with SPF 50 sun protection.
كريم النهار المطور مع واقي شمس مدمج SPF 50 لترطيب وحماية فائقة متكاملة.",
Elastine Serum,,30,All Products,Younger,"Elastine Serum improves skin elasticity and firmness.
سيروم الإيلاستين الطبيعي لإصلاح مرونة وشد وارتداد خلايا للبشرة الباهتة.",https://i.ibb.co/KjqyWT38/285-Elastine-Serum.png
Eye Contour Cream,,20,All Products,Younger,"Eye Contour Cream designed for delicate area around eyes.
كريم الهالات السوداء ومحيط العين وعلاج تجاعيد وانتفاخ العينين الفعال.",https://i.ibb.co/KjsXkTWw/286-Eye-Contour-Cream.png
Face Gel Wash,,12,All Products,Younger,"Face gel wash deeply cleanses removing excess sebum and dirt.
غسول الجل المنعش والمنظف للمسامات للبشرة الدهنية والمعرضة للحبوب.",https://i.ibb.co/zhY0XT3C/287-Face-Gel-Wash.png
Face Sun Screen SPF 50,,30,All Products,Younger,"Lightweight non greasy sunscreen protects from UVA/UVB.
واقي شمس للوجه SPF 50 يحمي من الحروق والتصبغات وسريع الامتصاص.",https://i.ibb.co/4ZQysVsB/288-Face-Sun-Screen-SPF-50.png
Face Tonic Toner,,12,All Products,Younger,"Face tonic toner tightens pores and balances skin pH.
تونر شد وتضييق مسام الوجه المنعش وتوازن رطوبة الوش بعد الغسول.",https://i.ibb.co/Nv7H4gw/289-Face-Tonic-Toner.png
Hyaluronic Acid Serum,,30,All Products,Younger,"Hyaluronic acid attracts moisture keeping skin plump, smooth.
سيروم حمض الهيالورونيك لترطيب عميق وتنعيم وملء خلايا البشرة والتخلص من الجفاف.",https://i.ibb.co/4ZcfP5dn/290-Hyaluronic-Acid-Serum.png
Milk Cleanser,,12,All Products,Younger,"Milk cleanser removes light makeup and impurities safely.
حليب الحليب اللطيف المنظف للوجه وإزالة الشوائب والمكياج بلطف تام.",https://i.ibb.co/xtG6gtHw/291-Milk-Cleanser.png
Night Cream,,20,All Products,Younger,"Rich night cream to regenerate and repair skin overnight.
كريم الليل المعزز الفعال والمغذي لإعادة بناء وتحفيز تجديد خلايا البشرة.",https://i.ibb.co/N6p6fZxM/292-Night-Cream.png
Vitamin C Serum,,23,All Products,Younger,"Vitamin C brightens skin, fades dark spots, antioxidant.
سيروم فيتامين سي للتفتيح ومقاومة التصبغات والآثار وإثراء نضارة الوش.",https://i.ibb.co/5h5Fm8RD/293-Vitamin-C-Serum.png
